{
    "5fb1b862-7965-4d0f-a243-9a8272e28e0f": {
        "pre-b42video32": {
            "score": 0.10309347479164299
        },
        "pre-b42video29": {
            "score": 0.0816016621147477
        },
        "pre-b42video22": {
            "score": 0.07273420222360992
        }
    },
    "bbcdc963-b065-48a0-b0c6-9fac54abfb6b": {
        "pre-b42video24": {
            "score": 0.06702614457592239
        },
        "pre-b42video12": {
            "score": 0.06442490421492827
        },
        "pre-b42video14": {
            "score": 0.05151479033905078
        }
    },
    "2c6b3a81-3d8e-44ac-b35e-f2d337526c9a": {
        "pre-b42video12": {
            "score": 0.08062443859546284
        },
        "pre-b42video21": {
            "score": 0.06718139256083454
        },
        "pre-b42video27": {
            "score": 0.04650792088266363
        }
    },
    "5fce3e45-1fd8-423f-918c-ed314bece7df": {
        "pre-b42video32": {
            "score": 0.1199610284230569
        },
        "pre-b42video12": {
            "score": 0.05923189528917802
        },
        "pre-b42video11": {
            "score": 0.054576801976725875
        }
    },
    "0d14ef46-8463-4901-98e5-639c8d3f8d5e": {
        "pre-b42video34": {
            "score": 0.07540933640603566
        },
        "pre-b42video35": {
            "score": 0.06515284460145107
        },
        "pre-b42video26": {
            "score": 0.05642443303393732
        }
    },
    "d95cde78-1dbf-48f8-b51c-17dfc6ce09db": {
        "pre-b42video14": {
            "score": 0.1992020765830248
        },
        "pre-b42video13": {
            "score": 0.09629598081397281
        },
        "pre-b42video24": {
            "score": 0.08985268679740818
        }
    },
    "8f123a09-d173-47f3-a1d9-841c9e0798ce": {
        "pre-b42video18": {
            "score": 0.13849209144664032
        },
        "pre-b42video13": {
            "score": 0.06910398032694107
        },
        "pre-b42video39": {
            "score": 0.06723941157996648
        }
    },
    "e6eb2bc5-2b5a-43c7-ad23-28fe4dd28e88": {
        "pre-b42video36": {
            "score": 0.2081714702270389
        },
        "pre-b42video37": {
            "score": 0.08353406775306883
        },
        "pre-b42video35": {
            "score": 0.0515472629274997
        }
    },
    "fa845d01-d559-42e4-ba6f-3ac8cf19a179": {
        "pre-b42video31": {
            "score": 0.05910917514377374
        },
        "pre-b42video1": {
            "score": 0.05023282770353814
        },
        "pre-b42video20": {
            "score": 0.04951965101092798
        }
    },
    "e0f85280-6c1d-4ddd-85fd-15d6269ffbaa": {
        "pre-b42video6": {
            "score": 0.05882460959239498
        },
        "pre-b42video35": {
            "score": 0.057144807487169186
        },
        "pre-b42video29": {
            "score": 0.04543264544306523
        }
    },
    "b273458d-e596-4a35-8689-ff41e3851e39": {
        "pre-b42video7": {
            "score": 0.05181327015814725
        },
        "pre-b42video34": {
            "score": 0.03948617377937709
        },
        "pre-b42video20": {
            "score": 0.03498023440526081
        }
    },
    "74aaf248-daa8-437f-9eb8-b8fbf5068123": {
        "pre-b42video29": {
            "score": 0.09155982970396818
        },
        "pre-b42video6": {
            "score": 0.09096876075612083
        },
        "pre-b42video21": {
            "score": 0.08830777637513197
        }
    }
}